Job Title,Company,Location,Min Salary,Max Salary,Retrieved Date
Software Developer,Navitas Vehicle Systems,"Waterloo, ON",61435,77790,2023-12-07
Software Developer,Ricoh Canada,"Kitchener, ON",84461,106946,2023-12-07
Software Test Developer,D2L,"Kitchener, ON",85933,108810,2023-12-07
Software Developer,ISN Technologies,"Waterloo, ON",75118,95116,2023-12-07
Software Developer,D2L,"Kitchener, ON",94983,120269,2023-12-07
Software Developer in Test and Automation (Intermediate/Senior),RideCo,"Waterloo, ON",90000,110000,2023-12-07
Software Developer,Brock Solutions,"Kitchener, ON",85753,108582,2023-12-07
Senior Software Developer,Encircle,"Kitchener, ON",103935,131605,2023-12-07
Software Developer I,ATS Automation Tooling Systems,"Cambridge, ON",88372,111899,2023-12-07
software developer,Global Operation Integrity Inc.,"Waterloo, ON",45000,65000,2023-12-07
Software Developer,MarshallZehr,"Waterloo, ON",78647,99584,2023-12-07
Full Stack Web Developer,BicDroid Inc.,"Waterloo, ON",63620,80557,2023-12-07
computer programmer,Wireframe Solutions,"Waterloo, ON",99840,99840,2023-12-07
SHOPIFY DEVELOPER,Spa Dent Inc.,"Cambridge, ON",52000,,2023-12-07
Software Engineer - Remote (Canada),TeamViewer,"Kitchener, ON",96886,122679,2023-12-07
"Software Developer III, Full Stack, Google Cloud Platforms",Google,"Waterloo, ON",,,2023-12-07
Java Developer - Canadian Visa Sponsorship Global Talent Stream,Venuiti,"Kitchener, ON",90000,90000,2023-12-07
Health Records Tech Coder,Grand River Hospital,"Kitchener, ON",46065,58328,2023-12-07
Software Developer,BicDroid Inc.,"Waterloo, ON",68117,86251,2023-12-07
"Senior Java Developer (onsite Cambridge, ON)",VectorVue,"Kitchener, ON",,,2023-12-07
Senior Software Developer,Aquanty Inc,"Waterloo, ON",95845,121361,2023-12-07
"Senior Software Developer, Machine Learning, Google Workspace",Google,"Waterloo, ON",,,2023-12-07
C/C++ Software Developer,BicDroid Inc.,"Waterloo, ON",86516,109548,2023-12-07
Front End Developer (Hybrid remote friendly),Imagine Communications,"Waterloo, ON",56671,71758,2023-12-07
Staff Software Developer,ATS Automation Tooling Systems,"Cambridge, ON",105998,134217,2023-12-07
"Software Engineer - Remote (Waterloo, ON)",TeamViewer,"Waterloo, ON",91469,115821,2023-12-07
Back-End Software Engineer,Manulife,"Waterloo, ON",109759,138979,2023-12-07
Web Developer (AEM Architect),BlackBerry,"Waterloo, ON",83601,105858,2023-12-07
Full Stack Developer,"Cloud DX, Inc.","Kitchener, ON",84746,107308,2023-12-07
Senior Machine Learning Developer,ApplyBoard,"Kitchener, ON",93372,118230,2023-12-07
Senior Software Developer,D2L,"Kitchener, ON",105453,133527,2023-12-07
Information Systems Specialist (Developer),University of Waterloo,"Waterloo, ON",85218,107905,2023-12-07
Software Engineer,NCR,"Waterloo, ON",108578,137484,2023-12-07
Software Engineer,Bosch Group,"Waterloo, ON",80148,101486,2023-12-07
"Intermediate Technology Specialist, Core Systems Developer",Equitable,"Waterloo, ON",86832,109949,2023-12-07
Sr. Software Developer,ApplyBoard,"Kitchener, ON",80773,102277,2023-12-07
CNC Programmer,Artco,"Kitchener, ON",47840,,2023-12-07
Associate Product Support Specialist,opentext,"Waterloo, ON",52799,66856,2023-12-07
M365 SharePoint Developer,University of Waterloo,"Waterloo, ON",69636,88175,2023-12-07
Web Application Developer,Fivewalls,"Waterloo, ON",67100,84964,2023-12-07
Full-Stack Developer,Descartes,"Waterloo, ON",95725,121209,2023-12-07
Java WebObjects Web Developer,LifeLearn,"Guelph, ON",78081,98868,2023-12-07
"Senior Software Engineer, Mobile (Android) - Remote/Hybrid",IMS,"Waterloo, ON",93765,118728,2023-12-07
IT Software Developer - (Salesforce),opentext,"Waterloo, ON",88767,112398,2023-12-07
Senior Fullstack Software Developer,Geotab,"Waterloo, ON",89881,113809,2023-12-07
Associate Product Support Specialist,Open Text Corporation,"Waterloo, ON",52799,66856,2023-12-07
Senior Java Developer,Venuiti,"Kitchener, ON",86589,109641,2023-12-07
"Product Developer, Software - Advanced Research",Christie Digital Systems Inc.,"Kitchener, ON",76644,97048,2023-12-07
Senior Software Developer,Brock Solutions,"Kitchener, ON",100193,126867,2023-12-07
Manufacturing Software Developer – Test Station,Ford Motor Company,"Waterloo, ON",82246,104141,2023-12-07
Senior .NET Developer,Venuiti,"Waterloo, ON",74144,93883,2023-12-07
"Intermediate Technology Specialist, Digital Developer",Equitable,"Waterloo, ON",80521,101958,2023-12-07
Senior Software Developer - Quantum Compiler/Transpiler,Anyon Systems Inc.,"Waterloo, ON",95899,121430,2023-12-07
Senior Investment Developer,Equitable,"Waterloo, ON",82895,104964,2023-12-07
"Lead Developer - Microsoft Stack (Dynamics, Power Platform)",Mayk Ideas,"Kitchener, ON",84062,106442,2023-12-07
Senior Software Engineer,Sun Life,"Waterloo, ON",82000,135000,2023-12-07
Software Engineer - Full Stack,MCAP,"Waterloo, ON",88820,112466,2023-12-07
Senior Integration Developer,Carta,"Waterloo, ON",91155,115422,2023-12-07
Software Engineer,BicDroid Inc.,"Waterloo, ON",80288,101663,2023-12-07
Sr. Software Engineer,MCAP,"Waterloo, ON",90367,114425,2023-12-07
"Senior Staff Software Developer, Precision Health Platform",Verily,"Waterloo, ON",110286,139646,2023-12-07
Senior Simulation Developer,Clearpath Robotics Inc.,"Kitchener, ON",123000,150000,2023-12-07
Automation Engineer,Linamar Corp,"Guelph, ON",63807,80794,2023-12-07
IT/ Software Development Technology Consultant for Tax Incentives,KPMG,"Waterloo, ON",57375,72650,2023-12-07
Senior Software Engineer/Team Lead,Descartes,"Waterloo, ON",156268,197870,2023-12-07
Test Engineer,KA Imaging Inc,"Waterloo, ON",75195,95214,2023-12-07
Lead Software Developer,opentext,"Waterloo, ON",99852,126435,2023-12-07
Senior Embedded Developer,"Cloud DX, Inc.","Kitchener, ON",86108,109033,2023-12-07
Vulkan Graphics Engineer - Global Remote,CoreAVI,"Waterloo, ON",99086,125465,2023-12-07
"Intermediate Image Specialist, Product Developer",Christie Digital Systems Inc.,"Kitchener, ON",66061,83648,2023-12-07
Senior Staff Backend Engineer,Recruiting From Scratch,"Waterloo, ON",190000,250000,2023-12-07
Software Engineer Senior,Altair Engineering,"Waterloo, ON",101626,128681,2023-12-07
"Lead Technology Specialist, Digital Developer",Equitable,"Waterloo, ON",99784,126349,2023-12-07
Fullstack Senior Software Developer,Geotab,"Waterloo, ON",89815,113725,2023-12-07
Full Stack Engineer,Just Play Sports Solutions LLC,"Kitchener, ON",85716,108535,2023-12-07
Software Engineer - Remote (Canada),TeamViewer,"Kitchener, ON",96886,122679,2023-12-07
Full Stack Developer,"Cloud DX, Inc.","Kitchener, ON",95948,121492,2023-12-07
Senior Embedded Developer,"Cloud DX, Inc.","Kitchener, ON",85986,108878,2023-12-07
Sr. Android Developer,Open Text Corporation,"Waterloo, ON",96002,121560,2023-12-07
Sr. Android Developer,opentext,"Waterloo, ON",96002,121560,2023-12-07
Senior Direct3D Software Developer,ALLUDO,"Waterloo, ON",109785,139013,2023-12-07
"Advisor, Business Development (University of Waterloo)",Mitacs,"Waterloo, ON",70080,105120,2023-12-07
Unreal Engine C++ Developer II - SDK,Mawari,"Waterloo, ON",95624,121082,2023-12-07
Intermediate Control Systems Software Designer,ATS Automation Tooling Systems,"Cambridge, ON",62955,79715,2023-12-07
"Senior Front End Engineer, FPI",Carta,"Waterloo, ON",100317,127024,2023-12-07
"Product Developer, Software - Advanced Research",Christie Digital,"Kitchener, ON",78402,99275,2023-12-07
First Nations / Inuit / Métis - HR Digital Solution Developer,BMO Financial Group,Various locations,74245,94011,2023-12-07
Software Engineering Manager,CEDENT,"Waterloo, ON",102184,129388,2023-12-07
Java Developer,Info-Ways,"Waterloo, ON",71289,90268,2023-12-07
Mechanical Engineer or CET for Building Automation,Energy Controls & Mechanical Services Inc.,"Kitchener, ON",66560,,2023-12-07
"Lead Technology Specialist, BI Developer",Equitable,"Waterloo, ON",104858,132774,2023-12-07
"Technical Solutions Developer, Google Kubernetes Engine or Anthos",Google,"Waterloo, ON",,,2023-12-07
Software Engineer and DevOps,Ansys,"Waterloo, ON",82856,104914,2023-12-07
"Intermediate Image Specialist, Product Developer",Christie Digital,"Kitchener, ON",66503,84208,2023-12-07
Senior Software Engineer,NCR,"Waterloo, ON",100064,126704,2023-12-07
Sr. Site Reliability Administrator,opentext,"Waterloo, ON",97291,123192,2023-12-07
Senior Front End Engineer,Carta,"Waterloo, ON",100317,127024,2023-12-07
Informatica Cloud Developer - REMOTE,Sky Systems Inc,Various locations,208000,,2023-12-07
Business Development Specialist,BicDroid Inc.,"Waterloo, ON",66394,84070,2023-12-07
"Senior Technology Specialist, Enterprise Platforms Developer",Equitable,"Waterloo, ON",87385,110648,2023-12-07
"Software Engineer - Remote (Waterloo, ON)",TeamViewer,"Waterloo, ON",91469,115821,2023-12-07
Full Stack Developer,"Cloud DX, Inc.","Kitchener, ON",84746,107308,2023-12-07
Software Engineer,Bosch Group,"Waterloo, ON",80148,101486,2023-12-07
Project Manager,Ontario Health,Various locations,96287,121921,2023-12-07
Senior ASP.NET Application Developer,RKD Web Studios,"Guelph, ON",72638,91976,2023-12-07
"Vice President, Global Real Estate and Facilities",opentext,"Waterloo, ON",97770,123798,2023-12-07
Sr. Product Manager,opentext,"Waterloo, ON",110674,140139,2023-12-07
Senior Software Engineer - Archer (Contract),Sun Life,"Waterloo, ON",82000,135000,2023-12-07
Senior DevOps Developer,OTTO Motors by Rockwell Automation,"Kitchener, ON",106499,134851,2023-12-07
Staff Perception Developer - Localization and Mapping,OTTO Motors by Rockwell Automation,"Kitchener, ON",99096,125478,2023-12-07
Senior/Intermediate Unix/Linux Developer,BicDroid Inc.,"Waterloo, ON",81333,102986,2023-12-07
Sr. RPA Business Analyst,opentext,"Waterloo, ON",74081,93804,2023-12-07
Software Engineer - Remote (Canada),TeamViewer,"Kitchener, ON",93341,118190,2023-12-07
R&D Engineer II,Ansys,"Waterloo, ON",85544,108318,2023-12-07
Lead Embedded Software Developer,Molex,"Waterloo, ON",102585,129896,2023-12-07
Full Stack Software Engineer,Manulife,"Waterloo, ON",101907,129037,2023-12-07
Senior Software Developer,Dejero Labs Inc.,"Waterloo, ON",99018,125379,2023-12-07
Data Scientist and Search API Developer,opentext,"Waterloo, ON",76935,97417,2023-12-07
Account Development Executive,opentext,"Waterloo, ON",86648,109716,2023-12-07
Sr. Financial Analyst,opentext,"Waterloo, ON",64989,82291,2023-12-07
Lead Software Developer,Open Text Corporation,"Waterloo, ON",99852,126435,2023-12-07
Master Data Management - Data/Process Analyst,opentext,"Waterloo, ON",86934,110077,2023-12-07
Electrical/Controls Developer,ISN Technologies,"Waterloo, ON",75447,95532,2023-12-07
Lead Quality Assurance Developer,Open Text Corporation,"Waterloo, ON",99674,126210,2023-12-07
Data Scientist and Search API Developer,Open Text Corporation,"Waterloo, ON",76935,97417,2023-12-07
Software Engineer - Remote (Canada),TeamViewer,"Kitchener, ON",96886,122679,2023-12-07
Full Stack Developer,"Cloud DX, Inc.","Kitchener, ON",95948,121492,2023-12-07
23-101 Full Stack Developer,Raise,Various locations,88707,112323,2023-12-07
Java Developer,Info-Ways,"Waterloo, ON",71289,90268,2023-12-07
"Software Engineer - Remote (Waterloo, ON)",TeamViewer,"Waterloo, ON",95756,121248,2023-12-07
Senior Full Stack Developer,SE Health,Various locations,91736,116159,2023-12-07
CNC Machinist/Programmer,Guelph Manufacturing Group Inc.,"Guelph, ON",55034,69685,2023-12-07
Lead Quality Assurance Developer,opentext,"Waterloo, ON",99674,126210,2023-12-07
Principal Software Developer,Dealer-FX Group,Various locations,95748,121238,2023-12-07
Control Systems Developer (B&R Automation Specialist),ATS Automation Tooling Systems,"Cambridge, ON",69842,88436,2023-12-07
IT Software Developer - (Salesforce),Open Text Corporation,"Waterloo, ON",88767,112398,2023-12-07
Solutions Developer,Challenger Motor Freight Inc,"Cambridge, ON",69588,88114,2023-12-07
Sr. Systems Administrator,opentext,"Waterloo, ON",87250,110478,2023-12-07
Sr. Production Support Specialist,opentext,"Waterloo, ON",67062,84916,2023-12-07
Business Development Manager,MEDA,"Waterloo, ON",72900,91100,2023-12-07
Senior Control Software Engineer,Canadian Solar,"Guelph, ON",111394,141050,2023-12-07
"Manager, Software Engineering",opentext,"Waterloo, ON",104308,132077,2023-12-07
Temenos T24 Developer (Remote),HVN Solutions,"Waterloo, ON",106539,134902,2023-12-07
Senior Software Researcher,opentext,"Waterloo, ON",82528,104499,2023-12-07
"Team Lead, Software Development",Dealer-FX Group,Various locations,99216,125630,2023-12-07
Senior Industrial Simulation Developer,Clearpath Robotics Inc.,"Kitchener, ON",69179,152189,2023-12-07
CNC 5th Axis Machinist/Programmer,Novy Manufacturing Inc.,"Waterloo, ON",66560,,2023-12-07
Senior FPGA Developer,Christie Digital Systems Inc.,"Kitchener, ON",94076,119122,2023-12-07
Sr. Financial Reporting Analyst,opentext,"Waterloo, ON",65791,83306,2023-12-07
Senior Developer for Wind Project,Prowind Inc.,Various locations,100000,120000,2023-12-07
"Principal Software Engineer, New Initiatives - Remote",Dropbox,"Kitchener, ON",109591,138767,2023-12-07
Collection Development Reporting and Assessment Analyst,University of Waterloo,"Waterloo, ON",78457,99344,2023-12-07
Head of Software Development,GHD,"Waterloo, ON",133598,169165,2023-12-07
"Associate Director, Data Analytics and Development",University of Waterloo,"Waterloo, ON",88417,111956,2023-12-07
Sr. Sales Operations Analyst,opentext,"Waterloo, ON",59510,75353,2023-12-07
Business Development Representative,The Syscomm Group,"Waterloo, ON",50154,63506,2023-12-07
Renewals Account Representative,opentext,"Waterloo, ON",41960,53130,2023-12-07
Senior Benefits Specialist,opentext,"Waterloo, ON",71081,90004,2023-12-07
Sr. Technical Support Specialist,opentext,"Waterloo, ON",61957,78452,2023-12-07
Sr. Environmental Facilities Program Manager,opentext,"Waterloo, ON",111585,141292,2023-12-07
Senior Benefits Program Manager,opentext,"Waterloo, ON",97025,122855,2023-12-07
"Manager, Software Engineering",Open Text Corporation,"Waterloo, ON",104308,132077,2023-12-07
Renewals Account Representative,Open Text Corporation,"Waterloo, ON",41960,53130,2023-12-07
Software Engineering Program Manager,University of Waterloo,"Waterloo, ON",86281,109251,2023-12-07
CNC Lathe Machinist/Programmer,Novy Manufacturing Inc.,"Waterloo, ON",62400,,2023-12-07
Information Technology Specialist - Research Software Support,University of Waterloo,"Waterloo, ON",68015,86123,2023-12-07
Digital Marketing Manager-Vendor Programs,opentext,"Waterloo, ON",83776,106079,2023-12-07
Infrastructure Cloud Architect,ApplyBoard,"Kitchener, ON",108484,137365,2023-12-07
Principal IT Software Engineer,opentext,"Waterloo, ON",90589,114706,2023-12-07
Employee Relations Manager,opentext,"Waterloo, ON",76633,97034,2023-12-07
Sr. Production Support Specialist,Open Text Corporation,"Waterloo, ON",67062,84916,2023-12-07
Senior Software Architect,Dejero Labs Inc.,"Waterloo, ON",97782,123813,2023-12-07
PLC Programmer/Systems Integrator,Trited Innovation Inc-ONTARIO,"Kitchener, ON",55976,70878,2023-12-07
Sr. Technical Support Specialist,Open Text Corporation,"Waterloo, ON",61957,78452,2023-12-07
Employee Relations Manager,Open Text Corporation,"Waterloo, ON",76633,97034,2023-12-07
"Software Engineer - Remote (Waterloo, ON)",TeamViewer,"Waterloo, ON",91469,115821,2023-12-07
Full Stack Developer,"Cloud DX, Inc.","Kitchener, ON",84746,107308,2023-12-07
Senior Simulation Developer,OTTO Motors by Rockwell Automation,"Kitchener, ON",94378,119504,2023-12-07
Sr. RPA Business Analyst,Open Text Corporation,"Waterloo, ON",74081,93804,2023-12-07
Sr. Systems Analyst - IAM,opentext,"Waterloo, ON",73009,92446,2023-12-07
Sr. Financial Reporting Analyst,Open Text Corporation,"Waterloo, ON",65791,83306,2023-12-07
SRE Cloud Network Architect,NCR,"Waterloo, ON",90045,114017,2023-12-07
Sr. Program Manager,opentext,"Waterloo, ON",98341,124521,2023-12-07
Senior Engineering Manager,Carta,"Waterloo, ON",96240,121862,2023-12-07
"Senior Technology Specialist, Digital Developer",Equitable,"Waterloo, ON",84294,106735,2023-12-07
Sr. Systems Administrator,Open Text Corporation,"Waterloo, ON",87250,110478,2023-12-07
Collections Specialist (Escalations),opentext,"Waterloo, ON",53614,67888,2023-12-07
Order Administration Specialist,opentext,"Waterloo, ON",58726,74360,2023-12-07
"Manager, Accounts Payable",Open Text Corporation,"Waterloo, ON",77163,97706,2023-12-07
Web Analytics Manager,opentext,"Waterloo, ON",64507,81680,2023-12-07
Senior FPGA Developer,Christie Digital,"Kitchener, ON",90021,113987,2023-12-07
Order Administration Specialist,Open Text Corporation,"Waterloo, ON",58726,74360,2023-12-07
Web Analytics Manager,Open Text Corporation,"Waterloo, ON",64507,81680,2023-12-07
Lead Financial Analyst,opentext,"Waterloo, ON",74256,94024,2023-12-07
Innovation Architect,opentext,"Waterloo, ON",71719,90812,2023-12-07
Senior Benefits Specialist,Open Text Corporation,"Waterloo, ON",71081,90004,2023-12-07
CNC Programmer,Héroux-Devtek Inc.,"Kitchener, ON",60055,76043,2023-12-07
Senior/Principal Backend Software Engineer - Data Platform,Dematic Ltd.,"Waterloo, ON",121016,153233,2023-12-07
Senior Benefits Program Manager,Open Text Corporation,"Waterloo, ON",97025,122855,2023-12-07
Technical Accounting Manager,opentext,"Waterloo, ON",84555,107065,2023-12-07
Software Engineer - Remote (Canada),TeamViewer,"Kitchener, ON",96886,122679,2023-12-07
Java Developer,Info-Ways,"Waterloo, ON",71289,90268,2023-12-07
"Software Engineer - Remote (Waterloo, ON)",TeamViewer,"Waterloo, ON",95756,121248,2023-12-07
Solutions Developer,Challenger Motor Freight Inc,"Cambridge, ON",69588,88114,2023-12-07
"Sr. Manager, Renewals",opentext,"Waterloo, ON",79929,101208,2023-12-07
Lead Systems Analyst - HR systems,opentext,"Waterloo, ON",85416,108155,2023-12-07
Account Development Executive,Open Text Corporation,"Waterloo, ON",86648,109716,2023-12-07
"Associate Director, Development",Wilfrid Laurier University,"Waterloo, ON",79503,93000,2023-12-07
Sr. Site Reliability Administrator,Open Text Corporation,"Waterloo, ON",97291,123192,2023-12-07
"Manager, Financial Controllership",opentext,"Waterloo, ON",91168,115440,2023-12-07
Sr. Sales Operations Analyst,Open Text Corporation,"Waterloo, ON",59510,75353,2023-12-07
Master Data Management - Data/Process Analyst,Open Text Corporation,"Waterloo, ON",86934,110077,2023-12-07
Perception Team Lead - Localization and Mapping,OTTO Motors by Rockwell Automation,"Kitchener, ON",96237,121857,2023-12-07
Oracle Application Developer,Stantec,"Waterloo, ON",94215,119297,2023-12-07
Software Manager Engineering,Manulife,"Waterloo, ON",88645,112244,2023-12-07
Sr. Systems Analyst - IAM,Open Text Corporation,"Waterloo, ON",73009,92446,2023-12-07
"Manager, Presales Prisma Cloud Solutions Architect - Enterprise",Palo Alto Networks,"Waterloo, ON",,,2023-12-07
Sr. Revenue Operations Analyst,opentext,"Waterloo, ON",64088,81150,2023-12-07
Sr. Program Manager (Contracts),opentext,"Waterloo, ON",69487,87986,2023-12-07
Senior Programmer (Recreation) - Temporary Full-Time,St. Joseph’s,"Guelph, ON",48746,61723,2023-12-07
Sr. Product Manager,Open Text Corporation,"Waterloo, ON",110674,140139,2023-12-07
Sr. Environmental Facilities Program Manager,Open Text Corporation,"Waterloo, ON",111585,141292,2023-12-07
"Vice President, Global Real Estate and Facilities",Open Text Corporation,"Waterloo, ON",97770,123798,2023-12-07
"VP, Enterprise Architecture",opentext,"Waterloo, ON",81059,102639,2023-12-07
Senior Drupal Developer,Surex,Various locations,72311,91562,2023-12-07
Project Developer - Renewable,Infinitek,Various locations,110000,150000,2023-12-07
Senior Full Stack Developer,SE Health,Various locations,91736,116159,2023-12-07
"Principal Software Engineer, New Initiatives - Remote",Dropbox,"Kitchener, ON",109591,138767,2023-12-07
"Manager, Revenue Operations",opentext,"Waterloo, ON",76157,96432,2023-12-07
Senior Software Researcher,Open Text Corporation,"Waterloo, ON",82528,104499,2023-12-07
Innovation Architect,Open Text Corporation,"Waterloo, ON",71719,90812,2023-12-07
Senior Developer (Guidewire) (Evergreen),Saskatchewan Government Insurance,Various locations,86516,109549,2023-12-07
"Senior Java Software Engineer, Operations",Sun Life,"Waterloo, ON",82000,135000,2023-12-07
Sr. Program Manager,Open Text Corporation,"Waterloo, ON",98341,124521,2023-12-07
Sr. Revenue Operations Analyst,Open Text Corporation,"Waterloo, ON",64088,81150,2023-12-07
"Program Manager, Finance",opentext,"Waterloo, ON",97430,123368,2023-12-07
Collections Specialist (Escalations),Open Text Corporation,"Waterloo, ON",53614,67888,2023-12-07
Principal Solutions Architect,opentext,"Waterloo, ON",96155,121754,2023-12-07
"Manager, Accounts Payable",opentext,"Waterloo, ON",77163,97706,2023-12-07
"Sr. Manager, FP&A",opentext,"Waterloo, ON",86429,109439,2023-12-07
Principal IT Software Engineer,Open Text Corporation,"Waterloo, ON",90589,114706,2023-12-07
Sr. Revenue Operations Analyst - Salesforce.com,opentext,"Waterloo, ON",50202,63567,2023-12-07
Lead Systems Analyst - HR systems,Open Text Corporation,"Waterloo, ON",85416,108155,2023-12-07
Lead Financial Analyst,Open Text Corporation,"Waterloo, ON",74256,94024,2023-12-07
"Director, Billing Operations",opentext,"Waterloo, ON",86218,109171,2023-12-07
"Sr. Manager, FP&A",Open Text Corporation,"Waterloo, ON",86429,109439,2023-12-07
Principal Security Compliance Analyst - Compliance Strategy,opentext,"Waterloo, ON",76340,96664,2023-12-07
Technical Accounting Manager,Open Text Corporation,"Waterloo, ON",84555,107065,2023-12-07
"Manager, Revenue Operations",Open Text Corporation,"Waterloo, ON",76157,96432,2023-12-07
Lead Accountant (Contractor),opentext,"Waterloo, ON",72508,91811,2023-12-07
"Software Engineer - Remote (Waterloo, ON)",TeamViewer,"Waterloo, ON",91469,115821,2023-12-07
Informatica Cloud Developer - REMOTE,Sky Systems Inc,Various locations,208000,,2023-12-07
Senior Programmer (Recreation) - Temporary Full-Time,St. Joseph's Health Centre Guelph,"Guelph, ON",48746,61723,2023-12-07
Digital Marketing Manager-Vendor Programs,Open Text Corporation,"Waterloo, ON",83776,106079,2023-12-07
"Manager, Corporate Accounting",opentext,"Waterloo, ON",79552,100731,2023-12-07
"VP, Enterprise Architecture",Open Text Corporation,"Waterloo, ON",81059,102639,2023-12-07
"Manager, Financial Controllership",Open Text Corporation,"Waterloo, ON",91168,115440,2023-12-07
"Lead HRSS Specialist, Payroll",opentext,"Waterloo, ON",77684,98366,2023-12-07
Digital Marketing Manager-ABM,opentext,"Waterloo, ON",77817,98534,2023-12-07
Sr. Revenue Operations Analyst - Salesforce.com,Open Text Corporation,"Waterloo, ON",50202,63567,2023-12-07
Sr. Program Manager (Contracts),Open Text Corporation,"Waterloo, ON",69487,87986,2023-12-07
Lead Site Reliability Engineer,opentext,"Waterloo, ON",99945,126552,2023-12-07
CNC Mill Programmer/Machinist,Novy Manufacturing Inc.,"Waterloo, ON",62400,,2023-12-07
Lead DevOps Engineer,Sun Life,"Waterloo, ON",82000,135000,2023-12-07
"Program Manager, Finance",Open Text Corporation,"Waterloo, ON",97430,123368,2023-12-07
"Director, Billing Operations",Open Text Corporation,"Waterloo, ON",86218,109171,2023-12-07
"Lead HRSS Specialist, Payroll",Open Text Corporation,"Waterloo, ON",77684,98366,2023-12-07
Principal Solutions Architect,Open Text Corporation,"Waterloo, ON",96155,121754,2023-12-07
Lead Accountant (Contractor),Open Text Corporation,"Waterloo, ON",72508,91811,2023-12-07
"Manager, Presales Prisma Cloud Solutions Architect - Enterprise",Palo Alto Networks,"Waterloo, ON",,,2023-12-07
Senior Software Security Researcher,opentext,"Waterloo, ON",99008,125366,2023-12-07
Lead Site Reliability Engineer,Open Text Corporation,"Waterloo, ON",99945,126552,2023-12-07
Lead Security Compliance Analyst - Compliance Strategy,Open Text Corporation,"Waterloo, ON",79794,101037,2023-12-07
Sr. Financial Analyst,Open Text Corporation,"Waterloo, ON",64989,82291,2023-12-07
International Apprenticeship - IT Specialist in application development (m/f/x),WITRON Group,Various locations,71383,90387,2023-12-07
